{"menu.ui": 1736968477.6203196, "room_browser.ui": 1736968477.6228287, "room_list_item.ui": 1736968477.623834, "room.ui": 1736968477.6228287, "kick_dialog.ui": 1736968477.6203196, "server.ui": 1736968477.6248338, "player_list_item.ui": 1736968477.6213243, "server_room_list_item.ui": 1736968477.6248338, "game.ui": 1736704780.0617642}