{"menu.ui": 1734100676.4323156, "room_browser.ui": 1734100676.4375699, "room_list_item.ui": 1734100676.4395437, "room.ui": 1734100676.4365442, "kick_dialog.ui": 1734100676.4313161, "server.ui": 1734100676.4405437, "player_list_item.ui": 1734110119.8853133}