{"menu.ui": 1734007500.5011365, "room_browser.ui": 1734007500.5032253, "room_list_item.ui": 1734007500.5032253, "room.ui": 1734007500.5022244, "player_list_item.ui": 1734007500.5022244, "kick_dialog.ui": 1734007500.5011365, "server.ui": 1734007500.504225}