{"menu.ui": 1736425693.178764, "room_browser.ui": 1736781399.287643, "room_list_item.ui": 1736721030.6462555, "room.ui": 1736889561.992266, "kick_dialog.ui": 1736425693.178764, "server.ui": 1736721052.9101093, "player_list_item.ui": 1736721006.1432762, "server_room_list_item.ui": 1736721071.8577006, "game.ui": 1736704780.0617642}