{"menu.ui": 1735838265.9395032, "room_browser.ui": 1735838265.9450126, "room_list_item.ui": 1735838265.9470155, "room.ui": 1735838265.943012, "kick_dialog.ui": 1735838265.9374998, "server.ui": 1735838265.9496558, "player_list_item.ui": 1735838265.9410036, "server_room_list_item.ui": 1735838265.9516647}