{"menu.ui": 1734390909.6073804, "room_browser.ui": 1734394324.691919, "room_list_item.ui": 1734393757.0537994, "room.ui": 1734394394.581062, "kick_dialog.ui": 1734395599.5554817, "server.ui": 1734390908.4631615, "player_list_item.ui": 1734395480.3115299, "server_room_list_item.ui": 1734392062.6552546}