{"menu.ui": 1733405632.907179, "room_browser.ui": 1733493890.3104193, "room_list_item.ui": 1733495831.1686654}