{"menu.ui": 1733405632.907179, "room_browser.ui": 1733526656.3432477, "room_list_item.ui": 1733527353.7263737, "room.ui": 1733583991.79483, "player_list_item.ui": 1733595948.590576, "kick_dialog.ui": 1733585718.7228212}