{"menu.ui": 1733405632.907179, "room_browser.ui": 1733430131.3843658}