{"menu.ui": 1733405632.907179, "room_browser.ui": 1733526656.3432477, "room_list_item.ui": 1733527353.7263737, "room.ui": 1733526921.0242214, "player_list_item.ui": 1733527345.7911465}